典型使用场景输入与分项功耗,Unnamed: 1,Unnamed: 2,Unnamed: 3,Unnamed: 4,Unnamed: 5,Unnamed: 6,Unnamed: 7,Unnamed: 8,Unnamed: 9,Unnamed: 10,Unnamed: 11,Unnamed: 12,Unnamed: 13,Unnamed: 14,Unnamed: 15,Unnamed: 16,Unnamed: 17,Unnamed: 18,Unnamed: 19,Unnamed: 20,Unnamed: 21,Unnamed: 22,Unnamed: 23,Unnamed: 24,Unnamed: 25,Unnamed: 26,Unnamed: 27,Unnamed: 28
六类/七类场景的归一化输入、分项功率和总功率。,,,,,,,,,,,,,,,,,,,,,,,,,,,,
Scenario,Category_basis,Screen_on,Brightness_0_1,CPU_load_0_1,WiFi_idle_flag,WiFi_RX_duty,WiFi_TX_duty,Modem_idle_flag,Modem_RX_duty,Modem_TX_low_duty,Modem_TX_high_duty,GPS_flag,GPS_quality,Video_flag,Audio_factor,Background_power_W,Temperature_factor,Aging_factor,P_screen_W,P_cpu_W,P_wifi_W,P_modem_W,P_gps_W,P_media_W,P_background_W,P_total_W,E_effective_Wh,Notes
Standby,Background Processes and Services,0,0,0.05,1,0.01,0.002,1,0.005,0.002,0,0,strong,0,0,0.08,1,1,0,0.08796770786499875,0.2990044,0.3930399,0,0,0.08,0.8600120078649988,12.765,Screen off and low activity; used as low-drain baseline.
Light daily use,Communication / Social Networking,1,0.35,0.2,1,0.05,0.02,1,0.02,0.01,0,0,strong,0,0.2,0.1,1,1,0.97304265,0.18188256291998992,0.339549,0.40796200000000005,0,0.055943999999999994,0.1,2.0583802129199897,12.765,"Messaging, browsing, and mixed light apps."
Video streaming (Wi-Fi),Watching,1,0.65,0.35,1,0.35,0.02,0,0,0,0,0,strong,1,0.5,0.12,1,1,1.2403195500000002,0.32302665089018384,0.458319,0,0,0.32830099999999995,0.12,2.469966200890184,12.765,Screen + video decoder + Wi-Fi RX dominate.
Mobile game,High-load interactive app,1,0.75,0.85,1,0.08,0.05,0,0,0,0,0,strong,0,0.5,0.15,1,1,1.32941185,1.0149448346438743,0.39260700000000004,0,0,0.13985999999999998,0.15,3.0268236846438743,12.765,High CPU/GPU-like load; GPU not separately modeled.
Navigation,Maps / GPS / Communication,1,0.65,0.45,0,0,0,1,0.15,0.02,0.03,1,weak,0,0.2,0.12,1,1,1.2403195500000002,0.4367943123549659,0,0.565693,0.18130000000000002,0.055943999999999994,0.12,2.6000508623549665,12.765,"Screen, cellular data, and GPS simultaneously active."
Weak-signal social/video,Communication under poor network,1,0.45,0.3,0,0,0,1,0.1,0,0.18,0,strong,0,0.2,0.15,1,1,1.06213495,0.2717314207018598,0,0.8555140000000001,0,0.055943999999999994,0.15,2.3953243707018594,12.765,Uses high modem TX bin to represent poor-signal/high-transmit-power cost.
Cold aged light use,Communication / Social Networking + degraded battery,1,0.35,0.2,1,0.05,0.02,1,0.02,0.01,0,0,strong,0,0.2,0.1,0.9,0.83,0.97304265,0.18188256291998992,0.339549,0.40796200000000005,0,0.055943999999999994,0.1,2.0583802129199897,9.535454999999999,"Same load as light use, but effective capacity reduced by temperature and aging."
