interaction,brightness,cpu,tte_h,stop_reason,gpu,network_traffic,signal_quality,ambient_temp_c,initial_soh
brightness_cpu,0.2,0.1,5.979166666666667,SOC threshold,,,,,
brightness_cpu,0.4,0.1,5.416666666666667,SOC threshold,,,,,
brightness_cpu,0.6,0.1,4.854166666666667,SOC threshold,,,,,
brightness_cpu,0.8,0.1,4.341666666666667,SOC threshold,,,,,
brightness_cpu,1.0,0.1,3.8833333333333333,SOC threshold,,,,,
brightness_cpu,0.2,0.3,5.6375,SOC threshold,,,,,
brightness_cpu,0.4,0.3,5.1375,SOC threshold,,,,,
brightness_cpu,0.6,0.3,4.629166666666666,SOC threshold,,,,,
brightness_cpu,0.8,0.3,4.158333333333333,SOC threshold,,,,,
brightness_cpu,1.0,0.3,3.7333333333333334,voltage cutoff,,,,,
brightness_cpu,0.2,0.5,5.0625,SOC threshold,,,,,
brightness_cpu,0.4,0.5,4.654166666666667,SOC threshold,,,,,
brightness_cpu,0.6,0.5,4.233333333333333,SOC threshold,,,,,
brightness_cpu,0.8,0.5,3.8333333333333335,voltage cutoff,,,,,
brightness_cpu,1.0,0.5,3.4625,voltage cutoff,,,,,
brightness_cpu,0.2,0.7,4.391666666666667,SOC threshold,,,,,
brightness_cpu,0.4,0.7,4.079166666666667,SOC threshold,,,,,
brightness_cpu,0.6,0.7,3.745833333333333,voltage cutoff,,,,,
brightness_cpu,0.8,0.7,3.425,voltage cutoff,,,,,
brightness_cpu,1.0,0.7,3.125,voltage cutoff,,,,,
brightness_cpu,0.2,0.9,3.725,voltage cutoff,,,,,
brightness_cpu,0.4,0.9,3.4916666666666667,voltage cutoff,,,,,
brightness_cpu,0.6,0.9,3.2416666666666667,voltage cutoff,,,,,
brightness_cpu,0.8,0.9,2.995833333333333,voltage cutoff,,,,,
brightness_cpu,1.0,0.9,2.7625,voltage cutoff,,,,,
cpu_gpu,,0.1,6.908333333333333,SOC threshold,0.1,,,,
cpu_gpu,,0.3,6.458333333333333,SOC threshold,0.1,,,,
cpu_gpu,,0.5,5.716666666666667,SOC threshold,0.1,,,,
cpu_gpu,,0.7,4.875,SOC threshold,0.1,,,,
cpu_gpu,,0.9,4.070833333333334,SOC threshold,0.1,,,,
cpu_gpu,,0.1,6.475,SOC threshold,0.3,,,,
cpu_gpu,,0.3,6.079166666666667,SOC threshold,0.3,,,,
cpu_gpu,,0.5,5.416666666666667,SOC threshold,0.3,,,,
cpu_gpu,,0.7,4.654166666666667,SOC threshold,0.3,,,,
cpu_gpu,,0.9,3.9166666666666665,SOC threshold,0.3,,,,
cpu_gpu,,0.1,5.6625,SOC threshold,0.5,,,,
cpu_gpu,,0.3,5.354166666666667,SOC threshold,0.5,,,,
cpu_gpu,,0.5,4.833333333333333,SOC threshold,0.5,,,,
cpu_gpu,,0.7,4.216666666666667,SOC threshold,0.5,,,,
cpu_gpu,,0.9,3.595833333333333,voltage cutoff,0.5,,,,
cpu_gpu,,0.1,4.7,SOC threshold,0.7,,,,
cpu_gpu,,0.3,4.4875,SOC threshold,0.7,,,,
cpu_gpu,,0.5,4.116666666666666,SOC threshold,0.7,,,,
cpu_gpu,,0.7,3.654166666666667,voltage cutoff,0.7,,,,
cpu_gpu,,0.9,3.1708333333333334,voltage cutoff,0.7,,,,
cpu_gpu,,0.1,3.7875,voltage cutoff,0.9,,,,
cpu_gpu,,0.3,3.6458333333333335,voltage cutoff,0.9,,,,
cpu_gpu,,0.5,3.3875,voltage cutoff,0.9,,,,
cpu_gpu,,0.7,3.0625,voltage cutoff,0.9,,,,
cpu_gpu,,0.9,2.7125,voltage cutoff,0.9,,,,
network_signal,,,2.8583333333333334,voltage cutoff,,0.0,1.0,,
network_signal,,,2.745833333333333,voltage cutoff,,0.25,1.0,,
network_signal,,,2.6416666666666666,voltage cutoff,,0.5,1.0,,
network_signal,,,2.5458333333333334,voltage cutoff,,0.75,1.0,,
network_signal,,,2.4583333333333335,voltage cutoff,,1.0,1.0,,
network_signal,,,2.9791666666666665,voltage cutoff,,0.0,2.0,,
network_signal,,,2.8583333333333334,voltage cutoff,,0.25,2.0,,
network_signal,,,2.745833333333333,voltage cutoff,,0.5,2.0,,
network_signal,,,2.6416666666666666,voltage cutoff,,0.75,2.0,,
network_signal,,,2.5458333333333334,voltage cutoff,,1.0,2.0,,
network_signal,,,3.1125,voltage cutoff,,0.0,3.0,,
network_signal,,,2.9791666666666665,voltage cutoff,,0.25,3.0,,
network_signal,,,2.8583333333333334,voltage cutoff,,0.5,3.0,,
network_signal,,,2.745833333333333,voltage cutoff,,0.75,3.0,,
network_signal,,,2.6416666666666666,voltage cutoff,,1.0,3.0,,
network_signal,,,3.254166666666667,voltage cutoff,,0.0,4.0,,
network_signal,,,3.1125,voltage cutoff,,0.25,4.0,,
network_signal,,,2.9791666666666665,voltage cutoff,,0.5,4.0,,
network_signal,,,2.8583333333333334,voltage cutoff,,0.75,4.0,,
network_signal,,,2.745833333333333,voltage cutoff,,1.0,4.0,,
network_signal,,,3.4125,voltage cutoff,,0.0,5.0,,
network_signal,,,3.254166666666667,voltage cutoff,,0.25,5.0,,
network_signal,,,3.1125,voltage cutoff,,0.5,5.0,,
network_signal,,,2.9791666666666665,voltage cutoff,,0.75,5.0,,
network_signal,,,2.8583333333333334,voltage cutoff,,1.0,5.0,,
temperature_soh,,,1.2583333333333333,voltage cutoff,,,,-10.0,0.7
temperature_soh,,,1.5291666666666666,voltage cutoff,,,,0.0,0.7
temperature_soh,,,1.8041666666666667,voltage cutoff,,,,10.0,0.7
temperature_soh,,,2.1416666666666666,voltage cutoff,,,,25.0,0.7
temperature_soh,,,2.2,voltage cutoff,,,,40.0,0.7
temperature_soh,,,1.4916666666666667,voltage cutoff,,,,-10.0,0.8
temperature_soh,,,1.7958333333333334,voltage cutoff,,,,0.0,0.8
temperature_soh,,,2.1041666666666665,voltage cutoff,,,,10.0,0.8
temperature_soh,,,2.475,voltage cutoff,,,,25.0,0.8
temperature_soh,,,2.533333333333333,voltage cutoff,,,,40.0,0.8
temperature_soh,,,1.7416666666666667,voltage cutoff,,,,-10.0,0.9
temperature_soh,,,2.075,voltage cutoff,,,,0.0,0.9
temperature_soh,,,2.4125,voltage cutoff,,,,10.0,0.9
temperature_soh,,,2.816666666666667,voltage cutoff,,,,25.0,0.9
temperature_soh,,,2.870833333333333,SOC threshold,,,,40.0,0.9
temperature_soh,,,2.004166666666667,voltage cutoff,,,,-10.0,1.0
temperature_soh,,,2.3666666666666667,voltage cutoff,,,,0.0,1.0
temperature_soh,,,2.7333333333333334,voltage cutoff,,,,10.0,1.0
temperature_soh,,,3.1666666666666665,voltage cutoff,,,,25.0,1.0
temperature_soh,,,3.191666666666667,SOC threshold,,,,40.0,1.0
